user_input,query,filters,score,reason
AX 개발그룹 문서중에 김태원이 작성한 전사 AX 과제 추진 계획서 ppt 파일,전사 AX 과제 추진 계획서,"ecm_cabinet_name: ANY(""AX 개발그룹"") AND (owner_name: ANY(""김태원"") OR regist_user_name: ANY(""김태원"")) AND ecm_file_format: ANY(""ppt"", ""pptx"", ""PPT"", ""PPTX"")",10,"1. EBNF 문법 및 필드명: Discovery Engine의 필터 문법(ANY, AND, OR)을 정확히 준수하였으며 필드명(ecm_cabinet_name, owner_name, regist_user_name, ecm_file_format)도 올바르게 적용되었습니다 (4/4점). 2. 조건 반영 충실도: 'AX 개발그룹'(캐비닛), '김태원이 작성한'(작성자/소유자), 'ppt 파일'(확장자 대소문자 및 pptx 포함)의 조건이 필터에 누락 없이 정확하게 반영되었습니다 (3/3점). 3. 검색어 정제도: 메타데이터 조건을 모두 필터로 완벽히 분리하고 핵심 키워드인 '전사 AX 과제 추진 계획서'만 query로 적절히 남겼습니다 (3/3점)."
2023년도에 정재홍이 작성한 엑셀 문서,,"(owner_name: ANY(""정재홍"") OR regist_user_name: ANY(""정재홍"")) AND ecm_file_format: ANY(""xls"", ""xlsx"", ""XLS"", ""XLSX"", ""csv"") AND (ecm_regist_date >= 2023-01-01T00:00:00Z AND ecm_regist_date <= 2023-12-31T23:59:59Z)",10,"1. 필터 문법 및 필드명(owner_name, regist_user_name, ecm_file_format, ecm_regist_date)이 Discovery Engine EBNF 문법에 맞게 정확히 작성되었습니다. 2. 2023년도(기간), 정재홍(작성자/소유자), 엑셀 문서(확장자 xls, xlsx 등) 조건이 완벽히 필터에 반영되었습니다. 3. 사용자 질문의 모든 내용이 메타데이터 필터 조건으로 완전히 변환되었으므로 query가 빈 값으로 올바르게 정제되었습니다."
유희영 대리 소유 문서 중에 팀즈 관련 문서 좀 찾아줄래,팀즈,"owner_name: ANY(""유희영"")",10,"1. 필터 필드 및 문법: Discovery Engine EBNF 문법에 맞게 'owner_name: ANY(""유희영"")'을 올바르게 작성함 (4/4점). 2. 조건 반영 충실도: 소유자('유희영 대리 소유') 조건을 직급을 제외하고 정확히 owner_name 필터에 반영함 (3/3점). 3. 검색어 정제도: 소유자 조건 및 불필요한 조사/어미를 제거하고 핵심 검색 키워드인 '팀즈'만 깔끔하게 추출함 (3/3점)."
DX기획그룹 문서 중 이정훈 차장이 작성한 추진계획서 ppt 파일,추진계획서,"ecm_cabinet_name: ANY(""DX기획그룹"") AND (owner_name: ANY(""이정훈"") OR regist_user_name: ANY(""이정훈"")) AND ecm_file_format: ANY(""ppt"", ""pptx"", ""PPT"", ""PPTX"")",10,"필터 표현식이 Google Cloud Discovery Engine EBNF 문법을 완벽히 준수하였으며, 부서(ecm_cabinet_name), 작성자(owner_name, regist_user_name), 파일 확장자(ecm_file_format의 대소문자 및 ppt/pptx 처리)가 누락 없이 정확히 반영되었습니다. 또한 작성자 직급('차장')과 필터화된 메타데이터를 제외하고 핵심 키워드인 '추진계획서'만 검색어로 깔끔하게 정제되었습니다."
과제명 수소투자 그룹 투자/기획 업무 지원을 위한 AI 기반 정보통합 분석 및 대화형 검색 환경 구축,과제명 수소투자 그룹 투자 기획 업무 지원을 위한 AI 기반 정보통합 분석 및 대화형 검색 환경 구축,,9,"사용자 질문에 작성자, 기간, 문서 형식 등의 메타데이터 필터 조건이 없으므로 filters를 비워둔 것은 매우 적절합니다. 다만 검색어(query) 생성 시 '과제명'이라는 지시/메타 레이블 성격의 단어를 제거하고 실제 핵심 과제명인 '수소투자 그룹 투자 기획 업무 지원을 위한 AI 기반 정보통합 분석 및 대화형 검색 환경 구축'으로만 정제했다면 검색 품질이 더 향상되었을 것입니다."
Gemini Enterprise,Gemini Enterprise,,10,"사용자 질문에 작성자, 기간, 부서, 확장자 등의 메타데이터 필터링 조건이 전혀 포함되어 있지 않으므로 필터를 비워두고 검색어에 'Gemini Enterprise' 전문을 그대로 유지한 것은 완벽하게 적절합니다."
오정완 그룹장 문서,,"(owner_name: ANY(""오정완"") OR regist_user_name: ANY(""오정완""))",10,"사용자 질문에서 '오정완'을 소유자 및 작성자 메타데이터로 정확히 분리하여 Discovery Engine EBNF 문법에 부합하는 필터((owner_name: ANY(""오정완"") OR regist_user_name: ANY(""오정완"")))를 생성하였습니다. '그룹장' 직책 및 일반 명사인 '문서'는 불필요한 키워드이므로 제거하고 쿼리를 빈 값으로 적절하게 정제하였습니다."
내가 작성한 2024년 사업계획서 ppt 파일,사업계획서,"owner_name: ANY(""나대엽"") AND ecm_file_format: ANY(""ppt"", ""pptx"", ""PPT"", ""PPTX"") AND (ecm_regist_date >= 2024-01-01T00:00:00Z AND ecm_regist_date <= 2024-12-31T23:59:59Z)",10,"1. 필터 문법 및 필드명(owner_name, ecm_file_format, ecm_regist_date, ANY, AND, ISO 타임스탬프 등)이 Discovery Engine EBNF 규격에 완벽히 부합합니다 (4/4점). 2. '내가 작성한'을 사용자 이름 '나대엽'으로 매핑하고, 2024년 기간 범위 조건 및 ppt 확장자 대소문자 변형까지 충실히 반영했습니다 (3/3점). 3. 필터로 분리된 속성(작성자, 연도, 확장자)을 말끔히 제외하고 핵심 검색 대상인 '사업계획서'만 검색어로 적절히 정제했습니다 (3/3점)."
내 소유 문서 중 클라우드 마이그레이션 보고서,클라우드 마이그레이션,"owner_name: ANY(""나대엽"")",9,"1. 필터 문법 및 필드(4/4): owner_name 필드와 ANY 문법을 EBNF 규칙에 맞게 정확히 사용했습니다. 2. 조건 반영 충실도(3/3): '내 소유' 조건을 사용자 이름 '나대엽'과 결합하여 소유자 필터로 누락 없이 충실히 반영했습니다. 3. 검색어 정제도(2/3): 필터 조건인 '내 소유'는 잘 분리되었으나, 핵심 키워드 중 하나인 '보고서'가 쿼리에서 누락되어 '클라우드 마이그레이션 보고서' 전체가 검색어로 유지되는 것이 검색 의도에 더 적합합니다."
